[
  {
    "id": 1,
    "title": "Ρ-39 ΑΠΑΓΟΡΕΥΣΗ ΣΤΑΘΜΕΥΣΗΣ (§ 3) - Πρόστιμο: 30€",
    "article": "",
    "description": "Ρ-39 ΑΠΑΓΟΡΕΥΣΗ ΣΤΑΘΜΕΥΣΗΣ",
    "paragraph": "§ 3",
    "fine_cars": "30",
    "fine_motorcycles": "30",
    "category": "Ε1-Β"
  },
  {
    "id": 2,
    "title": "Ρ-40 ΑΠΑΓΟΡΕΥΣΗ ΣΤΑΣΗΣ & ΣΤΑΘΜΕΥΣΗΣ (§ 3) - Πρόστιμο: 30€",
    "article": "",
    "description": "Ρ-40 ΑΠΑΓΟΡΕΥΣΗ ΣΤΑΣΗΣ & ΣΤΑΘΜΕΥΣΗΣ",
    "paragraph": "§ 3",
    "fine_cars": "30",
    "fine_motorcycles": "30",
    "category": "Ε1-Β"
  },
  {
    "id": 3,
    "title": "Ρ-41 ΑΠΑΓΟΡΕΥΣΗ ΣΤΑΘΜΕΥΣΗΣ ΤΟΥΣ ΠΕΡΙΤΤΟΥΣ ΜΗΝΕΣ (§ 3) - Πρόστιμο: 30€",
    "article": "",
    "description": "Ρ-41 ΑΠΑΓΟΡΕΥΣΗ ΣΤΑΘΜΕΥΣΗΣ ΤΟΥΣ ΠΕΡΙΤΤΟΥΣ ΜΗΝΕΣ",
    "paragraph": "§ 3",
    "fine_cars": "30",
    "fine_motorcycles": "30",
    "category": "Ε1-Β"
  },
  {
    "id": 4,
    "title": "Ρ-42 ΑΠΑΓΟΡΕΥΣΗ ΣΤΑΘΜΕΥΣΗΣ ΤΟΥΣ ΑΡΤΙΟΥΣ ΜΗΝΕΣ (§ 3) - Πρόστιμο: 30€",
    "article": "",
    "description": "Ρ-42 ΑΠΑΓΟΡΕΥΣΗ ΣΤΑΘΜΕΥΣΗΣ ΤΟΥΣ ΑΡΤΙΟΥΣ ΜΗΝΕΣ",
    "paragraph": "§ 3",
    "fine_cars": "30",
    "fine_motorcycles": "30",
    "category": "Ε1-Β"
  },
  {
    "id": 5,
    "title": "Ρ-69 ΧΩΡΟΣ ΕΛΕΓΧΟΜΕΝΗΣ ΣΤΑΘΜΕΥΣΗΣ (§ 3) - Πρόστιμο: 30€",
    "article": "",
    "description": "Ρ-69 ΧΩΡΟΣ ΕΛΕΓΧΟΜΕΝΗΣ ΣΤΑΘΜΕΥΣΗΣ",
    "paragraph": "§ 3",
    "fine_cars": "30",
    "fine_motorcycles": "30",
    "category": "Ε1-A"
  },
  {
    "id": 6,
    "title": "Ρ-70 ΧΩΡΟΣ ΟΡΙΣΜΕΝΗΣ ΚΑΤΗΓΟΡΙΑΣ ΟΧΗΜΑΤΩΝ (§ 3) - Πρόστιμο: 30€",
    "article": "",
    "description": "Ρ-70 ΧΩΡΟΣ ΟΡΙΣΜΕΝΗΣ ΚΑΤΗΓΟΡΙΑΣ ΟΧΗΜΑΤΩΝ",
    "paragraph": "§ 3",
    "fine_cars": "30",
    "fine_motorcycles": "30",
    "category": "Ε1-Β"
  },
  {
    "id": 7,
    "title": "Ρ-71 ΕΙΔΙΚΟΣ ΧΩΡΟΣ ΑΤΟΜΩΝ ΜΕΙΩΜΕΝΗΣ ΚΙΝΗΤΙΚΟΤΗΤΑΣ (§ 3) - Πρόστιμο: 150€",
    "article": "",
    "description": "Ρ-71 ΕΙΔΙΚΟΣ ΧΩΡΟΣ ΑΤΟΜΩΝ ΜΕΙΩΜΕΝΗΣ ΚΙΝΗΤΙΚΟΤΗΤΑΣ",
    "paragraph": "§ 3",
    "fine_cars": "150",
    "fine_motorcycles": "150",
    "category": "Ε2-Β Σ"
  },
  {
    "id": 8,
    "title": "Ρ-72 ΣΥΓΚΕΚΡΙΜΕΝΟ ΟΧΗΜΑ (ΜΕ ΑΡ. ΚΥΚΛ.) \nΑΤΟΜΟΥ ΜΕΙΩΜΕΝΗΣ ΚΙΝΗΤΙΚΟΤΗΤΑΣ (§ 3) - Πρόστιμο: 150€",
    "article": "",
    "description": "Ρ-72 ΣΥΓΚΕΚΡΙΜΕΝΟ ΟΧΗΜΑ (ΜΕ ΑΡ. ΚΥΚΛ.) \nΑΤΟΜΟΥ ΜΕΙΩΜΕΝΗΣ ΚΙΝΗΤΙΚΟΤΗΤΑΣ",
    "paragraph": "§ 3",
    "fine_cars": "150",
    "fine_motorcycles": "150",
    "category": "Ε2-Β Σ"
  },
  {
    "id": 9,
    "title": "ΑΡΘΡΟ 38 - ΚΕΚΛΙΜΕΝΟ ΕΠΙΠΕΔΟ (ΡΑΜΠΑ) ΔΙΑΒΑΣΗΣ ΑΤΟΜΩΝ \nΜΕ ΜΕΙΩΜΕΝΗ ΚΙΝΗΤΙΚΟΤΗΤΑ Ή ΟΔΗΓΟΣ ΤΥΦΛΩΝ (§ 2ιστ) - Πρόστιμο: 150€",
    "article": "ΑΡΘΡΟ 38",
    "description": "ΚΕΚΛΙΜΕΝΟ ΕΠΙΠΕΔΟ (ΡΑΜΠΑ) ΔΙΑΒΑΣΗΣ ΑΤΟΜΩΝ \nΜΕ ΜΕΙΩΜΕΝΗ ΚΙΝΗΤΙΚΟΤΗΤΑ Ή ΟΔΗΓΟΣ ΤΥΦΛΩΝ",
    "paragraph": "§ 2ιστ",
    "fine_cars": "150",
    "fine_motorcycles": "75",
    "category": "Ε2-Β Σ"
  },
  {
    "id": 10,
    "title": "ΕΙΔΙΚΟΣ ΧΩΡΟΣ ΑΤΟΜΩΝ ΜΕΙΩΜΕΝΗΣ ΚΙΝΗΤΙΚΟΤΗΤΑΣ (§ 2ιζ) - Πρόστιμο: 150€",
    "article": "",
    "description": "ΕΙΔΙΚΟΣ ΧΩΡΟΣ ΑΤΟΜΩΝ ΜΕΙΩΜΕΝΗΣ ΚΙΝΗΤΙΚΟΤΗΤΑΣ",
    "paragraph": "§ 2ιζ",
    "fine_cars": "150",
    "fine_motorcycles": "75",
    "category": "Ε2-Β Σ"
  },
  {
    "id": 11,
    "title": "ΣΥΓΚΕΚΡΙΜΕΝΟ ΟΧΗΜΑ (ΜΕ ΑΡ. ΚΥΚΛ.) ΑΤΟΜΟΥ ΜΕΙΩΜΕΝΗΣ ΚΙΝΗΤΙΚΟΤΗΤΑΣ (§ 2ιη) - Πρόστιμο: 150€",
    "article": "",
    "description": "ΣΥΓΚΕΚΡΙΜΕΝΟ ΟΧΗΜΑ (ΜΕ ΑΡ. ΚΥΚΛ.) ΑΤΟΜΟΥ ΜΕΙΩΜΕΝΗΣ ΚΙΝΗΤΙΚΟΤΗΤΑΣ",
    "paragraph": "§ 2ιη",
    "fine_cars": "150",
    "fine_motorcycles": "75",
    "category": "Ε2-Β Σ"
  },
  {
    "id": 12,
    "title": "ΠΕΖΟΔΡΟΜΙΟ (§ 2ε) - Πρόστιμο: 150€",
    "article": "",
    "description": "ΠΕΖΟΔΡΟΜΙΟ",
    "paragraph": "§ 2ε",
    "fine_cars": "150",
    "fine_motorcycles": "75",
    "category": "Ε2-Β"
  },
  {
    "id": 13,
    "title": "ΠΛΑΤΕΙΑ ή ΕΡΕΙΣΜΑ ΠΕΖΩΝ (§ 2ε) - Πρόστιμο: 150€",
    "article": "",
    "description": "ΠΛΑΤΕΙΑ ή ΕΡΕΙΣΜΑ ΠΕΖΩΝ",
    "paragraph": "§ 2ε",
    "fine_cars": "150",
    "fine_motorcycles": "75",
    "category": "Ε2-Β"
  },
  {
    "id": 14,
    "title": "ΠΕΖΟΔΡΟΜΟΣ ή ΕΙΣΟΔΟΣ-ΕΞΟΔΩΝ ΑΥΤΩΝ (§ 3ι) - Πρόστιμο: 30€",
    "article": "",
    "description": "ΠΕΖΟΔΡΟΜΟΣ ή ΕΙΣΟΔΟΣ-ΕΞΟΔΩΝ ΑΥΤΩΝ",
    "paragraph": "§ 3ι",
    "fine_cars": "30",
    "fine_motorcycles": "15",
    "category": "Ε1-Α"
  },
  {
    "id": 15,
    "title": "ΔΙΠΛΗ ΣΕΙΡΑ (§ 3ε) - Πρόστιμο: 30€",
    "article": "",
    "description": "ΔΙΠΛΗ ΣΕΙΡΑ",
    "paragraph": "§ 3ε",
    "fine_cars": "30",
    "fine_motorcycles": "15",
    "category": "Ε1-Β"
  },
  {
    "id": 16,
    "title": "ΑΝΕΠΑΡΚΕΣ ΟΔΟΣΤΡΩΜΑ ΓΙΑ ΤΗΝ ΚΥΚΛΟΦΟΡΙΑ ΟΧΗΜΑΤΩΝ (§ 3δ) - Πρόστιμο: 30€",
    "article": "",
    "description": "ΑΝΕΠΑΡΚΕΣ ΟΔΟΣΤΡΩΜΑ ΓΙΑ ΤΗΝ ΚΥΚΛΟΦΟΡΙΑ ΟΧΗΜΑΤΩΝ",
    "paragraph": "§ 3δ",
    "fine_cars": "30",
    "fine_motorcycles": "15",
    "category": "Ε1-Α"
  },
  {
    "id": 17,
    "title": "ΕΙΣΟΔΟΣ-ΕΞΟΔΟΣ ΟΧΗΜΑΤΩΝ ΠΑΡΟΔΙΟΥ ΙΔΙΟΚΤΗΣΙΑΣ (§ 3β) - Πρόστιμο: 30€",
    "article": "",
    "description": "ΕΙΣΟΔΟΣ-ΕΞΟΔΟΣ ΟΧΗΜΑΤΩΝ ΠΑΡΟΔΙΟΥ ΙΔΙΟΚΤΗΣΙΑΣ",
    "paragraph": "§ 3β",
    "fine_cars": "30",
    "fine_motorcycles": "15",
    "category": "Ε1-Β"
  },
  {
    "id": 18,
    "title": "5μ. ΑΠΟ ΔΙΑΒΑΣΗ ΠΕΖΩΝ (§ 2α) - Πρόστιμο: 30€",
    "article": "",
    "description": "5μ. ΑΠΟ ΔΙΑΒΑΣΗ ΠΕΖΩΝ",
    "paragraph": "§ 2α",
    "fine_cars": "30",
    "fine_motorcycles": "15",
    "category": "Ε1-Α Σ"
  },
  {
    "id": 19,
    "title": "5μ. ΑΠΟ ΤΗΝ ΤΟΜΗ ΟΙΚΟΔΟΜΙΚΩΝ ΓΡΑΜΜΩΝ (ΓΩΝΙΑ) (§ 2ι) - Πρόστιμο: 30€",
    "article": "",
    "description": "5μ. ΑΠΟ ΤΗΝ ΤΟΜΗ ΟΙΚΟΔΟΜΙΚΩΝ ΓΡΑΜΜΩΝ (ΓΩΝΙΑ)",
    "paragraph": "§ 2ι",
    "fine_cars": "30",
    "fine_motorcycles": "15",
    "category": "Ε1-Α"
  },
  {
    "id": 20,
    "title": "12μ. ΑΠΟ ΣΤΑΣΕΙΣ ΜΜΜ (§ 2β) - Πρόστιμο: 30€",
    "article": "",
    "description": "12μ. ΑΠΟ ΣΤΑΣΕΙΣ ΜΜΜ",
    "paragraph": "§ 2β",
    "fine_cars": "30",
    "fine_motorcycles": "15",
    "category": "Ε1-Α"
  },
  {
    "id": 21,
    "title": "20μ. ΑΠΟ ΦΩΤΕΙΝΟ ΣΗΜΑΤΟΔΟΤΗ (§ 2θ) - Πρόστιμο: 30€",
    "article": "",
    "description": "20μ. ΑΠΟ ΦΩΤΕΙΝΟ ΣΗΜΑΤΟΔΟΤΗ",
    "paragraph": "§ 2θ",
    "fine_cars": "30",
    "fine_motorcycles": "15",
    "category": "Ε1-Α"
  },
  {
    "id": 22,
    "title": "12μ. ΑΠΟ ΠΙΝΑΚΙΔΑ STOP (§ 2θ) - Πρόστιμο: 30€",
    "article": "",
    "description": "12μ. ΑΠΟ ΠΙΝΑΚΙΔΑ STOP",
    "paragraph": "§ 2θ",
    "fine_cars": "30",
    "fine_motorcycles": "15",
    "category": "Ε1-Α"
  },
  {
    "id": 23,
    "title": "3μ. ΑΠΟ ΤΗ ΔΙΑΧΩΡΙΣΤΙΚΗ ΓΡΑΜΜΗ ΟΔΟΣΤΡΩΜΑΤΟΣ (§ 2η) - Πρόστιμο: 30€",
    "article": "",
    "description": "3μ. ΑΠΟ ΤΗ ΔΙΑΧΩΡΙΣΤΙΚΗ ΓΡΑΜΜΗ ΟΔΟΣΤΡΩΜΑΤΟΣ",
    "paragraph": "§ 2η",
    "fine_cars": "30",
    "fine_motorcycles": "15",
    "category": "Ε1-Α"
  },
  {
    "id": 24,
    "title": "15μ. ΑΠΟ ΙΣΟΠΕΔΗ ΣΙΔΗΡΟΔΡΟΜΙΚΗ ΔΙΑΒΑΣΗ (§ 3α) - Πρόστιμο: 30€",
    "article": "",
    "description": "15μ. ΑΠΟ ΙΣΟΠΕΔΗ ΣΙΔΗΡΟΔΡΟΜΙΚΗ ΔΙΑΒΑΣΗ",
    "paragraph": "§ 3α",
    "fine_cars": "30",
    "fine_motorcycles": "15",
    "category": "Ε1-Β"
  },
  {
    "id": 25,
    "title": "ΠΑΡΕΜΠΟΔΙΣΗ ΝΟΜΙΜΩΣ ΣΤΑΘΜΕΥΜΕΝΟΥ ΟΧΗΜΑΤΟΣ (§ 3γ) - Πρόστιμο: 30€",
    "article": "",
    "description": "ΠΑΡΕΜΠΟΔΙΣΗ ΝΟΜΙΜΩΣ ΣΤΑΘΜΕΥΜΕΝΟΥ ΟΧΗΜΑΤΟΣ",
    "paragraph": "§ 3γ",
    "fine_cars": "30",
    "fine_motorcycles": "15",
    "category": "Ε1-Β"
  },
  {
    "id": 26,
    "title": "ΕΙΣΟΔΟΣ-ΕΞΟΔΟΣ ΝΟΣΟΚΟΜΕΙΟΥ ή ΚΛΙΝΙΚΗΣ (§ 3ζ) - Πρόστιμο: 30€",
    "article": "",
    "description": "ΕΙΣΟΔΟΣ-ΕΞΟΔΟΣ ΝΟΣΟΚΟΜΕΙΟΥ ή ΚΛΙΝΙΚΗΣ",
    "paragraph": "§ 3ζ",
    "fine_cars": "30",
    "fine_motorcycles": "15",
    "category": "Ε1-Α Σ"
  },
  {
    "id": 27,
    "title": "ΕΙΔΙΚΟΥΣ ΧΩΡΟΥΣ ΣΤΑΘΜΕΥΣΗΣ ΤΑΞΙ (§ 3θ) - Πρόστιμο: 30€",
    "article": "",
    "description": "ΕΙΔΙΚΟΥΣ ΧΩΡΟΥΣ ΣΤΑΘΜΕΥΣΗΣ ΤΑΞΙ",
    "paragraph": "§ 3θ",
    "fine_cars": "30",
    "fine_motorcycles": "15",
    "category": "Ε1-Α"
  },
  {
    "id": 28,
    "title": "ΚΥΡΤΗ ΑΛΛΑΓΗ ΤΗΣ ΚΑΤΑ ΜΗΚΟΥΣ ΚΛΙΣΗΣ ΟΔΟΥ (ΣΤΡΟΦΗ) (§ 2ζ) - Πρόστιμο: 30€",
    "article": "",
    "description": "ΚΥΡΤΗ ΑΛΛΑΓΗ ΤΗΣ ΚΑΤΑ ΜΗΚΟΥΣ ΚΛΙΣΗΣ ΟΔΟΥ (ΣΤΡΟΦΗ)",
    "paragraph": "§ 2ζ",
    "fine_cars": "30",
    "fine_motorcycles": "15",
    "category": "Ε1-Α"
  },
  {
    "id": 29,
    "title": "ΑΝΤΙΘΕΤΑ ΣΤΗΝ ΚΑΤΕΥΘΥΝΣΗ ΚΥΚΛΟΦΟΡΙΑΣ (§ 7) - Πρόστιμο: 30€",
    "article": "",
    "description": "ΑΝΤΙΘΕΤΑ ΣΤΗΝ ΚΑΤΕΥΘΥΝΣΗ ΚΥΚΛΟΦΟΡΙΑΣ",
    "paragraph": "§ 7",
    "fine_cars": "30",
    "fine_motorcycles": "15",
    "category": "Ε1-Α"
  },
  {
    "id": 30,
    "title": "ΚΑΘΕΤΑ ΣΤΟ ΟΔΟΣΤΡΩΜΑ (§ 7) - Πρόστιμο: 30€",
    "article": "",
    "description": "ΚΑΘΕΤΑ ΣΤΟ ΟΔΟΣΤΡΩΜΑ",
    "paragraph": "§ 7",
    "fine_cars": "30",
    "fine_motorcycles": "15",
    "category": "Ε1-Α"
  },
  {
    "id": 31,
    "title": "ΕΙΣΟΔΟΣ-ΕΞΟΔΟΣ ΚΟΜΒΟΥ & ΣΕ ΑΠΟΣΤΑΣΗ 10μ (§ 2γ) - Πρόστιμο: 30€",
    "article": "",
    "description": "ΕΙΣΟΔΟΣ-ΕΞΟΔΟΣ ΚΟΜΒΟΥ & ΣΕ ΑΠΟΣΤΑΣΗ 10μ",
    "paragraph": "§ 2γ",
    "fine_cars": "30",
    "fine_motorcycles": "15",
    "category": "Ε1-Α"
  },
  {
    "id": 32,
    "title": "ΠΑΝΩ ή ΚΑΤΩ ΑΠΟ ΓΕΦΥΡΑ (§ 2στ) - Πρόστιμο: 30€",
    "article": "",
    "description": "ΠΑΝΩ ή ΚΑΤΩ ΑΠΟ ΓΕΦΥΡΑ",
    "paragraph": "§ 2στ",
    "fine_cars": "30",
    "fine_motorcycles": "15",
    "category": "Ε1-Α"
  },
  {
    "id": 33,
    "title": "ΝΗΣΙΔΑ ΑΣΦΑΛΕΙΑΣ ή ΔΙΑΧΩΡΙΣΤΙΚΗ ΝΗΣΙΔΑ (§ 2ια) - Πρόστιμο: 30€",
    "article": "",
    "description": "ΝΗΣΙΔΑ ΑΣΦΑΛΕΙΑΣ ή ΔΙΑΧΩΡΙΣΤΙΚΗ ΝΗΣΙΔΑ",
    "paragraph": "§ 2ια",
    "fine_cars": "30",
    "fine_motorcycles": "15",
    "category": "Ε1-Β"
  },
  {
    "id": 34,
    "title": "ΠΑΡΕΜΠΟΔΙΣΗ ΧΩΡΟΥ ΣΤΑΘΜΕΥΣΗΣ (§ 3η) - Πρόστιμο: 30€",
    "article": "",
    "description": "ΠΑΡΕΜΠΟΔΙΣΗ ΧΩΡΟΥ ΣΤΑΘΜΕΥΣΗΣ",
    "paragraph": "§ 3η",
    "fine_cars": "30",
    "fine_motorcycles": "15",
    "category": "Ε1-Α"
  },
  {
    "id": 35,
    "title": "ΣΕ ΟΔΟ ΤΑΧΕΙΑΣ ΚΥΚΛΟΦΟΡΙΑΣ (§ 2ιβ) - Πρόστιμο: 30€",
    "article": "",
    "description": "ΣΕ ΟΔΟ ΤΑΧΕΙΑΣ ΚΥΚΛΟΦΟΡΙΑΣ",
    "paragraph": "§ 2ιβ",
    "fine_cars": "30",
    "fine_motorcycles": "15",
    "category": "Ε1-Β"
  },
  {
    "id": 36,
    "title": "ΑΠΟΣΤΑΣΗ ΜΙΚΡΟΤΕΡΗ ΤΟΥ 1μ. ΣΕ ΟΔΟ ΧΩΡΙΣ ΠΕΖΟΔΡΟΜΙΟ (§ 5) - Πρόστιμο: 30€",
    "article": "",
    "description": "ΑΠΟΣΤΑΣΗ ΜΙΚΡΟΤΕΡΗ ΤΟΥ 1μ. ΣΕ ΟΔΟ ΧΩΡΙΣ ΠΕΖΟΔΡΟΜΙΟ",
    "paragraph": "§ 5",
    "fine_cars": "30",
    "fine_motorcycles": "15",
    "category": "Ε1-Β"
  },
  {
    "id": 37,
    "title": "ΑΡΘΡΟ 20  ΔΙΕΛΕΥΣΗ ΣΕ ΠΕΖΟΔΡΟΜΟ/ΠΛΑΤΕΙΑ/ΠΕΖΟΔΡΟΜΙΟ (§ 4) - Πρόστιμο: 350€",
    "article": "",
    "description": "ΑΡΘΡΟ 20  ΔΙΕΛΕΥΣΗ ΣΕ ΠΕΖΟΔΡΟΜΟ/ΠΛΑΤΕΙΑ/ΠΕΖΟΔΡΟΜΙΟ",
    "paragraph": "§ 4",
    "fine_cars": "350",
    "fine_motorcycles": "350",
    "category": "Ε3-Β Σ"
  },
  {
    "id": 38,
    "title": "ΑΡΘΡΟ 52   ΚΑΤΑΛΗΨΗ ΤΜΗΜΑΤΟΣ ΟΔΟΥ / ΠΕΖΟΔΡΟΜΟY (§ 1,5) - Πρόστιμο: 350€",
    "article": "",
    "description": "ΑΡΘΡΟ 52   ΚΑΤΑΛΗΨΗ ΤΜΗΜΑΤΟΣ ΟΔΟΥ / ΠΕΖΟΔΡΟΜΟY",
    "paragraph": "§ 1,5",
    "fine_cars": "350",
    "fine_motorcycles": "",
    "category": "Ε3-Α"
  },
  {
    "id": 39,
    "title": "ΑΡΘΡΟ 16  ΟΥΣΙΕΣ ΣΤΗΝ ΟΔΟ ΠΟΥ ΜΠΟΡΕΙ ΝΑ ΤΗΝ                                              ΚΑΤΑΣΤΗΣΟΥΝ ΟΛΙΣΘΗΡΗ (νερά, λάδια κτλ) (§ 2) - Πρόστιμο: 350€",
    "article": "",
    "description": "ΑΡΘΡΟ 16  ΟΥΣΙΕΣ ΣΤΗΝ ΟΔΟ ΠΟΥ ΜΠΟΡΕΙ ΝΑ ΤΗΝ                                              ΚΑΤΑΣΤΗΣΟΥΝ ΟΛΙΣΘΗΡΗ (νερά, λάδια κτλ)",
    "paragraph": "§ 2",
    "fine_cars": "350",
    "fine_motorcycles": "",
    "category": "Ε3-Α"
  },
  {
    "id": 40,
    "title": "ΑΡΘΡΟ 49 - ΥΠΟΧΡΕΩΣΗ ΣΤΑΣΗΣ ΣΕ ΣΗΜΑ ΑΣΤΥΝΟΜΙΚΟΥ ΟΡΓΑΝΟΥ ** (§ 1) - Πρόστιμο: 350€",
    "article": "ΑΡΘΡΟ 49",
    "description": "ΥΠΟΧΡΕΩΣΗ ΣΤΑΣΗΣ ΣΕ ΣΗΜΑ ΑΣΤΥΝΟΜΙΚΟΥ ΟΡΓΑΝΟΥ **",
    "paragraph": "§ 1",
    "fine_cars": "350",
    "fine_motorcycles": "",
    "category": "Ε3-Β"
  },
  {
    "id": 41,
    "title": "ΜΗ ΕΠΙΔΕΙΞΗ ΣΤΟΙΧΕΙΩΝ ΚΥΚΛΟΦΟΡΙΑΣ ΟΧΗΜΑΤΟΣ ** (§ 2) - Πρόστιμο: 350€",
    "article": "",
    "description": "ΜΗ ΕΠΙΔΕΙΞΗ ΣΤΟΙΧΕΙΩΝ ΚΥΚΛΟΦΟΡΙΑΣ ΟΧΗΜΑΤΟΣ **",
    "paragraph": "§ 2",
    "fine_cars": "350",
    "fine_motorcycles": "",
    "category": "Ε3-Β"
  },
  {
    "id": 42,
    "title": "ΥΒΡΙΣΤΙΚΗ Ή ΑΠΕΙΛΗΤΙΚΗ ΣΥΜΠΕΡΙΦΟΡΑ ΣΤΑ ΑΣΤΥΝΟΜΙΚΑ ΟΡΓΑΝΑ ** (§ 3) - Πρόστιμο: 350€",
    "article": "",
    "description": "ΥΒΡΙΣΤΙΚΗ Ή ΑΠΕΙΛΗΤΙΚΗ ΣΥΜΠΕΡΙΦΟΡΑ ΣΤΑ ΑΣΤΥΝΟΜΙΚΑ ΟΡΓΑΝΑ **",
    "paragraph": "§ 3",
    "fine_cars": "350",
    "fine_motorcycles": "",
    "category": "Ε3-Β"
  },
  {
    "id": 43,
    "title": "Για τις παραβάσεις που αφορούν στη στάθμευση και προβλέπεται αφαίρεση της άδειας οδήγησης, όταν αυτή δεν ενεργείται αμέσως και επί τόπου από τον βεβαιούντα την παράβαση, αφαιρούνται επί τόπου τα στοιχεία κυκλοφορίας του οχήματος, τα οποία επιστρέφονται στον κάτοχο με την προσκόμιση της άδειας οδήγησης",
    "article": "*",
    "description": "Για τις παραβάσεις που αφορούν στη στάθμευση και προβλέπεται αφαίρεση της άδειας οδήγησης, όταν αυτή δεν ενεργείται αμέσως και επί τόπου από τον βεβαιούντα την παράβαση, αφαιρούνται επί τόπου τα στοιχεία κυκλοφορίας του οχήματος, τα οποία επιστρέφονται στον κάτοχο με την προσκόμιση της άδειας οδήγησης",
    "paragraph": "",
    "fine_cars": "",
    "fine_motorcycles": "",
    "category": ""
  },
  {
    "id": 44,
    "title": "ΠΛΗΜΕΛΛΗΜΑΤΑ",
    "article": "**",
    "description": "ΠΛΗΜΕΛΛΗΜΑΤΑ",
    "paragraph": "",
    "fine_cars": "",
    "fine_motorcycles": "",
    "category": ""
  }
]